{"cameraMode":{"drawMode":0,"name":"Shaded","section":"Shading Mode"},"sceneLighting":false,"audioPlay":false,"sceneViewState":{"m_AlwaysRefresh":false,"showFog":true,"showSkybox":false,"showFlares":true,"showImageEffects":true,"showParticleSystems":true,"showVisualEffectGraphs":true,"m_FxEnabled":true},"in2DMode":false,"pivot":{"x":0.03480595350265503,"y":-0.03211325407028198,"z":0.3952847719192505},"rotation":{"x":0.39144912362098696,"y":-0.3371714949607849,"z":0.15681010484695435,"w":0.8417139649391174},"size":1.2086633443832398,"orthographic":false}