{"cameraMode":{"drawMode":0,"name":"Shaded","section":"Shading Mode"},"sceneLighting":false,"audioPlay":false,"sceneViewState":{"m_AlwaysRefresh":false,"showFog":true,"showSkybox":false,"showFlares":true,"showImageEffects":true,"showParticleSystems":true,"showVisualEffectGraphs":true,"m_FxEnabled":true},"in2DMode":false,"pivot":{"x":1.1220093965530396,"y":0.10898890346288681,"z":3.3128366470336916},"rotation":{"x":-0.00018115589045919478,"y":0.9997860789299011,"z":-0.01080821081995964,"w":-0.017380567267537118},"size":0.000017320508050033823,"orthographic":false}