{"cameraMode":{"drawMode":0,"name":"Shaded","section":"Shading Mode"},"sceneLighting":false,"audioPlay":false,"sceneViewState":{"m_AlwaysRefresh":false,"showFog":true,"showSkybox":false,"showFlares":true,"showImageEffects":true,"showParticleSystems":true,"showVisualEffectGraphs":true,"m_FxEnabled":true},"in2DMode":false,"pivot":{"x":1.8050373792648316,"y":1.9426592588424683,"z":1.753296136856079},"rotation":{"x":0.17446044087409974,"y":-0.7897043824195862,"z":0.2615360915660858,"w":0.5267999172210693},"size":0.11450999975204468,"orthographic":false}