{"cameraMode":{"drawMode":0,"name":"Shaded","section":"Shading Mode"},"sceneLighting":false,"audioPlay":false,"sceneViewState":{"m_AlwaysRefresh":false,"showFog":true,"showSkybox":false,"showFlares":true,"showImageEffects":true,"showParticleSystems":true,"showVisualEffectGraphs":true,"m_FxEnabled":true},"in2DMode":false,"pivot":{"x":-0.27315476536750796,"y":0.9371299147605896,"z":1.7140204906463624},"rotation":{"x":-0.008521865122020245,"y":-0.9859083890914917,"z":0.15840692818164826,"w":-0.05300261825323105},"size":0.11450999975204468,"orthographic":false}