{"cameraMode":{"drawMode":0,"name":"Shaded","section":"Shading Mode"},"sceneLighting":false,"audioPlay":false,"sceneViewState":{"m_AlwaysRefresh":false,"showFog":true,"showSkybox":false,"showFlares":true,"showImageEffects":true,"showParticleSystems":true,"showVisualEffectGraphs":true,"m_FxEnabled":true},"in2DMode":false,"pivot":{"x":0.4200614392757416,"y":-0.10224761068820954,"z":-2.2073206901550295},"rotation":{"x":0.08782366663217545,"y":-0.07522012293338776,"z":-0.006654675118625164,"w":-0.9932640790939331},"size":0.000017320508050033823,"orthographic":false}