{"cameraMode":{"drawMode":0,"name":"Shaded","section":"Shading Mode"},"sceneLighting":false,"audioPlay":false,"sceneViewState":{"m_AlwaysRefresh":false,"showFog":true,"showSkybox":false,"showFlares":true,"showImageEffects":true,"showParticleSystems":true,"showVisualEffectGraphs":true,"m_FxEnabled":true},"in2DMode":false,"pivot":{"x":-0.6796186566352844,"y":0.21635891497135163,"z":1.017876386642456},"rotation":{"x":-0.042387668043375018,"y":-0.9223385453224182,"z":0.10589171946048737,"w":-0.3691518008708954},"size":0.000017320508050033823,"orthographic":false}