{"cameraMode":{"drawMode":0,"name":"Shaded","section":"Shading Mode"},"sceneLighting":false,"audioPlay":false,"sceneViewState":{"m_AlwaysRefresh":false,"showFog":true,"showSkybox":false,"showFlares":true,"showImageEffects":true,"showParticleSystems":true,"showVisualEffectGraphs":true,"m_FxEnabled":true},"in2DMode":false,"pivot":{"x":1.7773653268814088,"y":1.2172340154647828,"z":0.5858951807022095},"rotation":{"x":0.15718519687652589,"y":-0.5301439166069031,"z":0.10075853765010834,"w":0.8270896077156067},"size":0.7936305403709412,"orthographic":false}