{"cameraMode":{"drawMode":0,"name":"Shaded","section":"Shading Mode"},"sceneLighting":false,"audioPlay":false,"sceneViewState":{"m_AlwaysRefresh":false,"showFog":true,"showSkybox":false,"showFlares":true,"showImageEffects":true,"showParticleSystems":true,"showVisualEffectGraphs":true,"m_FxEnabled":true},"in2DMode":false,"pivot":{"x":-2.124978542327881,"y":1.1841583251953126,"z":0.4229433238506317},"rotation":{"x":0.022934360429644586,"y":0.851118803024292,"z":-0.037310510873794559,"w":0.523134708404541},"size":0.000017328351532341912,"orthographic":false}