{"cameraMode":{"drawMode":0,"name":"Shaded","section":"Shading Mode"},"sceneLighting":false,"audioPlay":false,"sceneViewState":{"m_AlwaysRefresh":false,"showFog":true,"showSkybox":false,"showFlares":true,"showImageEffects":true,"showParticleSystems":true,"showVisualEffectGraphs":true,"m_FxEnabled":true},"in2DMode":false,"pivot":{"x":0.9622480869293213,"y":0.1003764271736145,"z":0.27217376232147219},"rotation":{"x":0.09017392247915268,"y":-0.016750937327742578,"z":0.00151717325206846,"w":0.9957842230796814},"size":1.2297561168670655,"orthographic":false}